JS_ID,Name,Age,Gender,Status
36965,Nathaniel,24,gender.male,seeker_status.searching
63777,Reagan,51,gender.female,seeker_status.searching
45689,Celeste,33,gender.female,seeker_status.searching
36607,Tessa,62,gender.female,seeker_status.searching
79145,Lorenzo,26,gender.male,seeker_status.searching
37684,Andre,20,gender.male,seeker_status.searching
7604,Finn,23,gender.male,seeker_status.searching
53694,Emily,22,gender.female,seeker_status.searching
85355,Julia,49,gender.female,seeker_status.searching
80012,Giselle,63,gender.female,seeker_status.searching
7533,Alice,65,gender.female,seeker_status.searching
6616,Katherine,55,gender.female,seeker_status.searching
89723,Kinsley,23,gender.female,seeker_status.searching
66125,Hazel,20,gender.female,seeker_status.searching
26169,Oberon,32,gender.male,seeker_status.searching
73223,Gulliver,25,gender.male,seeker_status.searching
19138,Beckett,55,gender.male,seeker_status.searching
73490,Gulliver,43,gender.male,seeker_status.searching
31995,Valeria,65,gender.female,seeker_status.searching
41057,Ella,31,gender.female,seeker_status.searching
50278,Gabrielle,34,gender.female,seeker_status.searching
5576,Declan,21,gender.male,seeker_status.searching
38805,Caius,23,gender.male,seeker_status.searching
87647,Elena,52,gender.female,seeker_status.searching
52795,Alastair,57,gender.male,seeker_status.searching
84744,Valeria,21,gender.female,seeker_status.searching
52201,Caroline,20,gender.female,seeker_status.searching
52968,Danielle,29,gender.female,seeker_status.searching
70411,Aurelia,32,gender.female,seeker_status.searching
72158,Willow,33,gender.female,seeker_status.searching
51644,Bradley,35,gender.male,seeker_status.searching
34226,Ruben,30,gender.male,seeker_status.searching
65162,Ruben,32,gender.male,seeker_status.searching
75028,Silas,58,gender.male,seeker_status.searching
61384,Elise,63,gender.female,seeker_status.searching
25265,Elliot,34,gender.male,seeker_status.searching
36979,Alastair,49,gender.male,seeker_status.searching
26162,Maya,42,gender.female,seeker_status.searching
34356,Benedict,34,gender.male,seeker_status.searching
3344,Leander,19,gender.male,seeker_status.searching
58356,Conrad,59,gender.male,seeker_status.searching
12704,Madelyn,30,gender.female,seeker_status.searching
67648,Imogen,40,gender.female,seeker_status.searching
48119,Miles,36,gender.male,seeker_status.searching
50658,Endymion,36,gender.male,seeker_status.searching
83477,Landon,43,gender.male,seeker_status.searching
31181,Riley,65,gender.female,seeker_status.searching
68447,Sergio,43,gender.male,seeker_status.searching
8709,Elena,48,gender.female,seeker_status.searching
88725,Jalen,43,gender.male,seeker_status.searching
22734,Rowan,29,gender.male,seeker_status.searching
40283,Valerian,29,gender.male,seeker_status.searching
42031,Zayden,65,gender.male,seeker_status.searching
74147,Sterling,28,gender.male,seeker_status.searching
76723,Nova,39,gender.female,seeker_status.searching
23467,Elizabeth,25,gender.female,seeker_status.searching
35455,Logan,50,gender.male,seeker_status.searching
48790,Vivian,54,gender.female,seeker_status.searching
78805,Evelyn,48,gender.female,seeker_status.searching
38556,Andre,35,gender.male,seeker_status.searching
76185,Evander,20,gender.male,seeker_status.searching
33073,Harper,56,gender.female,seeker_status.searching
88192,Oliver,22,gender.male,seeker_status.searching
58132,Mia,30,gender.female,seeker_status.searching
45570,Thelonious,41,gender.male,seeker_status.searching
21156,Madeline,18,gender.female,seeker_status.searching
89993,Blake,23,gender.male,seeker_status.searching
54172,Diana,51,gender.female,seeker_status.searching
87424,Jayden,55,gender.male,seeker_status.searching
8691,Ryan,46,gender.male,seeker_status.searching
22622,Ella,56,gender.female,seeker_status.searching
90659,Jude,58,gender.male,seeker_status.searching
24617,Wren,40,gender.female,seeker_status.searching
32204,Vivienne,31,gender.female,seeker_status.searching
91543,Hannah,32,gender.female,seeker_status.searching
82447,Kathryn,55,gender.female,seeker_status.searching
79238,Vivian,53,gender.female,seeker_status.searching
86893,Elena,24,gender.female,seeker_status.searching
90732,Nova,27,gender.female,seeker_status.searching
70606,Isla,60,gender.female,seeker_status.searching
13012,Octavian,34,gender.male,seeker_status.searching
65017,Maximus,47,gender.male,seeker_status.searching
15091,Carson,41,gender.male,seeker_status.searching
32800,Skylar,55,gender.female,seeker_status.searching
82785,Kevin,27,gender.male,seeker_status.searching
55267,Amy,54,gender.female,seeker_status.searching
30818,Sadie,32,gender.female,seeker_status.searching
20868,Ella,49,gender.female,seeker_status.searching
37222,Ronan,65,gender.male,seeker_status.searching
39049,Cillian,23,gender.male,seeker_status.searching
57931,Juniper,59,gender.female,seeker_status.searching
7450,Leander,18,gender.male,seeker_status.searching
85633,Brayden,24,gender.male,seeker_status.searching
24388,Penelope,39,gender.female,seeker_status.searching
94261,Sullivan,64,gender.male,seeker_status.searching
69888,Solomon,62,gender.male,seeker_status.searching
42201,Tessa,42,gender.female,seeker_status.searching
6596,Elise,36,gender.female,seeker_status.searching
32168,Quinn,54,gender.female,seeker_status.searching
58541,Anneliese,50,gender.female,seeker_status.searching
59417,Sadie,56,gender.female,seeker_status.searching
57858,Solomon,49,gender.male,seeker_status.searching
40886,Ava,19,gender.female,seeker_status.searching
81961,August,21,gender.male,seeker_status.searching
98323,Erick,59,gender.male,seeker_status.searching
97840,Terry,23,gender.male,seeker_status.searching
64610,Jude,52,gender.male,seeker_status.searching
2935,Vincent,45,gender.male,seeker_status.searching
4684,Dante,22,gender.male,seeker_status.searching
68264,Anderson,47,gender.male,seeker_status.searching
95670,Alice,38,gender.female,seeker_status.searching
42115,Alexandria,62,gender.female,seeker_status.searching
63078,Rose,32,gender.female,seeker_status.searching
44850,Emeric,60,gender.male,seeker_status.searching
35486,Charlotte,64,gender.female,seeker_status.searching
6246,Audrey,63,gender.female,seeker_status.searching
78271,Freya,51,gender.female,seeker_status.searching
10918,Adeline,24,gender.female,seeker_status.searching
3513,Niko,57,gender.male,seeker_status.searching
11387,Jennifer,58,gender.female,seeker_status.searching
66460,Dante,41,gender.male,seeker_status.searching
35555,Riley,59,gender.female,seeker_status.searching
97419,Aria,33,gender.female,seeker_status.searching
17790,Genevieve,63,gender.female,seeker_status.searching
23876,Wells,32,gender.male,seeker_status.searching
64733,Ariel,33,gender.female,seeker_status.searching
92339,Jasper,51,gender.male,seeker_status.searching
62099,Samantha,44,gender.female,seeker_status.searching
52534,Jonas,30,gender.male,seeker_status.searching
91142,Amadeo,44,gender.male,seeker_status.searching
72672,Violet,33,gender.female,seeker_status.searching
62344,Fox,62,gender.male,seeker_status.searching
69957,Sarah,48,gender.female,seeker_status.searching
66690,Preston,45,gender.male,seeker_status.searching
78000,Matteo,28,gender.male,seeker_status.searching
73305,Celeste,32,gender.female,seeker_status.searching
43734,Jeremy,32,gender.male,seeker_status.searching
98014,Ellie,34,gender.female,seeker_status.searching
81720,Natalie,38,gender.female,seeker_status.searching
60700,Willow,44,gender.female,seeker_status.searching
17010,Jalen,43,gender.male,seeker_status.searching
85810,Samantha,33,gender.female,seeker_status.searching
78897,Casper,29,gender.male,seeker_status.searching
91625,Jorge,23,gender.male,seeker_status.searching
97175,Kennedy,18,gender.female,seeker_status.searching
1582,Jayden,49,gender.male,seeker_status.searching
4220,Maya,35,gender.female,seeker_status.searching
60505,Casper,21,gender.male,seeker_status.searching
1356,Everett,37,gender.male,seeker_status.searching
6913,Mary,55,gender.female,seeker_status.searching
7569,Ellie,31,gender.female,seeker_status.searching
361,Mary,27,gender.female,seeker_status.searching
50505,Ariel,22,gender.female,seeker_status.searching
54319,Victoria,31,gender.female,seeker_status.searching
50883,Paisley,43,gender.female,seeker_status.searching
28083,Alastair,32,gender.male,seeker_status.searching
23891,Dax,64,gender.male,seeker_status.searching
97112,Mason,28,gender.male,seeker_status.searching
64297,Harper,21,gender.female,seeker_status.searching
89894,Grace,58,gender.female,seeker_status.searching
58117,Miles,56,gender.male,seeker_status.searching
18589,Claire,31,gender.female,seeker_status.searching
69069,Marcus,50,gender.male,seeker_status.searching
27,Lillian,31,gender.female,seeker_status.searching
50294,Andre,36,gender.male,seeker_status.searching
346,Luke,35,gender.male,seeker_status.searching
88043,Savannah,63,gender.female,seeker_status.searching
88015,Harper,20,gender.female,seeker_status.searching
76175,Hannah,61,gender.female,seeker_status.searching
28398,Tarquin,56,gender.male,seeker_status.searching
10009,Addison,47,gender.female,seeker_status.searching
20757,Andre,32,gender.male,seeker_status.searching
78797,Audrey,39,gender.female,seeker_status.searching
90868,Madeline,46,gender.female,seeker_status.searching
64084,Tatum,55,gender.female,seeker_status.searching
57229,Ronan,33,gender.male,seeker_status.searching
77497,Luke,34,gender.male,seeker_status.searching
45043,Elodie,52,gender.female,seeker_status.searching
33096,Orion,27,gender.male,seeker_status.searching
30511,Micah,30,gender.male,seeker_status.searching
53945,Adalynn,24,gender.female,seeker_status.searching
1384,Jack,44,gender.male,seeker_status.searching
2646,Ivan,25,gender.male,seeker_status.searching
92015,Brooks,34,gender.male,seeker_status.searching
67595,Jonathan,59,gender.male,seeker_status.searching
61148,Cordelia,18,gender.female,seeker_status.searching
79795,Daphne,47,gender.female,seeker_status.searching
6046,Oberon,40,gender.male,seeker_status.searching
90411,Brenden,30,gender.male,seeker_status.searching
4666,Kathryn,36,gender.female,seeker_status.searching
60706,Beckett,23,gender.male,seeker_status.searching
50146,Paisley,31,gender.female,seeker_status.searching
29680,Paisley,50,gender.female,seeker_status.searching
63263,Sophie,49,gender.female,seeker_status.searching
82700,Aldric,55,gender.male,seeker_status.searching
27203,Finnian,51,gender.male,seeker_status.searching
81214,Cosmo,47,gender.male,seeker_status.searching
12982,Alden,63,gender.male,seeker_status.searching
2514,Bodhi,41,gender.male,seeker_status.searching
81112,Bodhi,21,gender.male,seeker_status.searching
46768,Benjamin,32,gender.male,seeker_status.searching
47776,Martin,18,gender.male,seeker_status.searching
56531,Emrys,59,gender.male,seeker_status.searching
89274,Hadley,45,gender.female,seeker_status.searching
17507,Serenity,25,gender.female,seeker_status.searching
19072,Ellie,32,gender.female,seeker_status.searching
23918,Riley,44,gender.female,seeker_status.searching
71514,Stella,34,gender.female,seeker_status.searching
18761,Savannah,44,gender.female,seeker_status.searching
49037,Mason,40,gender.male,seeker_status.searching
2478,Lydia,25,gender.female,seeker_status.searching
47013,Elizabeth,53,gender.female,seeker_status.searching
86521,Bodhi,23,gender.male,seeker_status.searching
99597,Andre,46,gender.male,seeker_status.searching
1160,Cody,61,gender.male,seeker_status.searching
37618,Piper,21,gender.female,seeker_status.searching
29041,Hunter,31,gender.male,seeker_status.searching
91367,Dorian,59,gender.male,seeker_status.searching
77461,Ariel,21,gender.female,seeker_status.searching
92469,Brandon,23,gender.male,seeker_status.searching
6515,Robert,48,gender.male,seeker_status.searching
87113,Danielle,42,gender.female,seeker_status.searching
86177,Malcolm,19,gender.male,seeker_status.searching
39267,Bennett,42,gender.male,seeker_status.searching
16755,Katherine,45,gender.female,seeker_status.searching
51020,Nicholas,57,gender.male,seeker_status.searching
46625,Evelyn,57,gender.female,seeker_status.searching
41211,Tiberius,50,gender.male,seeker_status.searching
91843,Madison,54,gender.female,seeker_status.searching
89531,Leo,38,gender.male,seeker_status.searching
25923,Isaac,63,gender.male,seeker_status.searching
18004,Tyler,38,gender.male,seeker_status.searching
39192,Charles,28,gender.male,seeker_status.searching
31436,Paige,57,gender.female,seeker_status.searching
12956,Quinn,50,gender.female,seeker_status.searching
89109,Ayden,58,gender.male,seeker_status.searching
84322,Ronnie,19,gender.male,seeker_status.searching
66873,Brenden,31,gender.male,seeker_status.searching
83158,Aiden,51,gender.male,seeker_status.searching
92005,Brenden,32,gender.male,seeker_status.searching
36363,Barnaby,19,gender.male,seeker_status.searching
73896,Henry,61,gender.male,seeker_status.searching
69975,Matilda,21,gender.female,seeker_status.searching
7487,Jasmine,47,gender.female,seeker_status.searching
32999,Lucas,34,gender.male,seeker_status.searching
86796,Celeste,64,gender.female,seeker_status.searching
59391,Bradley,39,gender.male,seeker_status.searching
24552,Jalen,24,gender.male,seeker_status.searching
15322,Percival,60,gender.male,seeker_status.searching
18181,Callahan,25,gender.male,seeker_status.searching
20457,Eliana,28,gender.female,seeker_status.searching
60860,Octavius,27,gender.male,seeker_status.searching
16393,Augustus,61,gender.male,seeker_status.searching
18414,Amadeo,42,gender.male,seeker_status.searching
89790,Alexander,61,gender.male,seeker_status.searching
80846,Gulliver,36,gender.male,seeker_status.searching
15163,Stella,35,gender.female,seeker_status.searching
57572,Tyson,30,gender.male,seeker_status.searching
81748,Ashton,25,gender.male,seeker_status.searching
12991,Genesis,56,gender.female,seeker_status.searching
31760,Lyra,24,gender.female,seeker_status.searching
78947,Samuel,39,gender.male,seeker_status.searching
17661,Sadie,49,gender.female,seeker_status.searching
78992,Lillian,54,gender.female,seeker_status.searching
39293,Ariana,36,gender.female,seeker_status.searching
95401,Galileo,57,gender.male,seeker_status.searching
67247,Lazarus,52,gender.male,seeker_status.searching
77685,Kingston,22,gender.male,seeker_status.searching
13270,Sofia,30,gender.female,seeker_status.searching
65532,Bentley,28,gender.male,seeker_status.searching
21883,Daniel,47,gender.male,seeker_status.searching
47965,Grace,26,gender.female,seeker_status.searching
40052,Maddox,34,gender.male,seeker_status.searching
40428,Bradley,37,gender.male,seeker_status.searching
90893,Celeste,23,gender.female,seeker_status.searching
42578,Esme,29,gender.female,seeker_status.searching
9968,Gavin,56,gender.male,seeker_status.searching
71465,Tarquin,42,gender.male,seeker_status.searching
49437,Hazel,34,gender.female,seeker_status.searching
16456,Everett,18,gender.male,seeker_status.searching
71929,Nora,44,gender.female,seeker_status.searching
49408,Amelia,32,gender.female,seeker_status.searching
38836,Florian,46,gender.male,seeker_status.searching
49226,Delilah,26,gender.female,seeker_status.searching
50447,Laura,37,gender.female,seeker_status.searching
94284,Elise,24,gender.female,seeker_status.searching
19641,Santiago,48,gender.male,seeker_status.searching
95790,Serenity,44,gender.female,seeker_status.searching
11239,Camden,48,gender.male,seeker_status.searching
40072,Chase,36,gender.male,seeker_status.searching
19495,Ramona,28,gender.female,seeker_status.searching
73634,Gabriella,34,gender.female,seeker_status.searching
44658,Fiona,29,gender.female,seeker_status.searching
16353,Briggs,25,gender.male,seeker_status.searching
77267,Caroline,35,gender.female,seeker_status.searching
178,Joel,64,gender.male,seeker_status.searching
44300,Kennedy,45,gender.female,seeker_status.searching
84709,Aurora,22,gender.female,seeker_status.searching
40039,Kate,61,gender.female,seeker_status.searching
42193,Marcus,56,gender.male,seeker_status.searching
59124,Mia,62,gender.female,seeker_status.searching
22433,Freya,32,gender.female,seeker_status.searching
92147,Ansel,62,gender.male,seeker_status.searching
63939,Henry,28,gender.male,seeker_status.searching
98577,Ariel,58,gender.female,seeker_status.searching
89481,Serenity,49,gender.female,seeker_status.searching
86382,Clementine,39,gender.female,seeker_status.searching
88151,Ella,54,gender.female,seeker_status.searching
2550,Wesley,47,gender.male,seeker_status.searching
60204,Oscar,65,gender.male,seeker_status.searching
20012,Beckett,39,gender.male,seeker_status.searching
14993,Kennedy,63,gender.female,seeker_status.searching
20020,Leo,42,gender.male,seeker_status.searching
20853,Jack,43,gender.male,seeker_status.searching
61655,Madeline,53,gender.female,seeker_status.searching
17358,Hunter,50,gender.male,seeker_status.searching
96411,Ramona,28,gender.female,seeker_status.searching
4573,Avery,62,gender.female,seeker_status.searching
54826,Pascal,35,gender.male,seeker_status.searching
28177,Sebastian,59,gender.male,seeker_status.searching
93089,Owen,44,gender.male,seeker_status.searching
72175,Gabriel,26,gender.male,seeker_status.searching
55891,Paisley,42,gender.female,seeker_status.searching
6285,Lyra,63,gender.female,seeker_status.searching
69089,Bella,64,gender.female,seeker_status.searching
36221,Sarah,45,gender.female,seeker_status.searching
94219,Diego,61,gender.male,seeker_status.searching
42214,Charlotte,42,gender.female,seeker_status.searching
13038,Everly,63,gender.female,seeker_status.searching
21813,Kate,21,gender.female,seeker_status.searching
10303,Thomas,32,gender.male,seeker_status.searching
9803,James,47,gender.male,seeker_status.searching
79028,Matilda,39,gender.female,seeker_status.searching
60577,Erick,49,gender.male,seeker_status.searching
80736,Luke,37,gender.male,seeker_status.searching
57397,Kaylee,52,gender.female,seeker_status.searching
41257,Ezra,22,gender.male,seeker_status.searching
59610,Gulliver,64,gender.male,seeker_status.searching
53104,Amy,58,gender.female,seeker_status.searching
64445,King,33,gender.male,seeker_status.searching
42831,Maeve,56,gender.female,seeker_status.searching
65273,Arabella,60,gender.female,seeker_status.searching
73004,Mary,49,gender.female,seeker_status.searching
88715,Lorenzo,31,gender.male,seeker_status.searching
18366,Zachary,43,gender.male,seeker_status.searching
40663,Finley,34,gender.male,seeker_status.searching
2288,Zoe,23,gender.female,seeker_status.searching
3222,Aubree,63,gender.female,seeker_status.searching
74746,Anatole,38,gender.male,seeker_status.searching
99293,Zoe,47,gender.female,seeker_status.searching
16200,Gabrielle,44,gender.female,seeker_status.searching
10661,Thaddeus,19,gender.male,seeker_status.searching
91975,Wren,32,gender.female,seeker_status.searching
72829,Diego,48,gender.male,seeker_status.searching
39564,Aurora,52,gender.female,seeker_status.searching
76268,Dashiell,40,gender.male,seeker_status.searching
48608,Delilah,20,gender.female,seeker_status.searching
79339,Axel,42,gender.male,seeker_status.searching
96805,Angel,33,gender.male,seeker_status.searching
13192,Amelia,27,gender.female,seeker_status.searching
21168,Connor,64,gender.male,seeker_status.searching
22345,Archer,43,gender.male,seeker_status.searching
88251,Theodore,46,gender.male,seeker_status.searching
30025,Mason,18,gender.male,seeker_status.searching
24226,Casimir,63,gender.male,seeker_status.searching
62532,Chase,56,gender.male,seeker_status.searching
68227,Piper,52,gender.female,seeker_status.searching
63461,Giselle,36,gender.female,seeker_status.searching
75885,Sophia,65,gender.female,seeker_status.searching
64799,Zephyr,31,gender.male,seeker_status.searching
14045,Zoe,59,gender.female,seeker_status.searching
52818,Clementine,62,gender.female,seeker_status.searching
6650,Caius,33,gender.male,seeker_status.searching
12457,Aria,36,gender.female,seeker_status.searching
47009,Evelyn,52,gender.female,seeker_status.searching
42658,Aubree,44,gender.female,seeker_status.searching
50719,Madeline,37,gender.female,seeker_status.searching
68542,Aurelia,48,gender.female,seeker_status.searching
61618,Tarquin,22,gender.male,seeker_status.searching
84501,Daniel,65,gender.male,seeker_status.searching
42745,Alec,47,gender.male,seeker_status.searching
35175,Serenity,57,gender.female,seeker_status.searching
75521,Scarlett,64,gender.female,seeker_status.searching
75670,Leah,57,gender.female,seeker_status.searching
40760,Hunter,37,gender.male,seeker_status.searching
51402,Sterling,31,gender.male,seeker_status.searching
87466,Caspian,41,gender.male,seeker_status.searching
50406,William,31,gender.male,seeker_status.searching
5888,Andrew,45,gender.male,seeker_status.searching
43736,Elizabeth,55,gender.female,seeker_status.searching
22154,Samantha,33,gender.female,seeker_status.searching
41325,Cordelia,35,gender.female,seeker_status.searching
88488,Arthur,50,gender.male,seeker_status.searching
56599,Henry,64,gender.male,seeker_status.searching
62606,Zachary,36,gender.male,seeker_status.searching
9643,Cyprian,52,gender.male,seeker_status.searching
34149,Ella,35,gender.female,seeker_status.searching
68095,Olivia,39,gender.female,seeker_status.searching
20967,Lillian,65,gender.female,seeker_status.searching
36969,Asher,20,gender.male,seeker_status.searching
86973,Tristan,20,gender.male,seeker_status.searching
15021,Jason,25,gender.male,seeker_status.searching
80710,Lydia,34,gender.female,seeker_status.searching
18317,Brooks,61,gender.male,seeker_status.searching
9470,Ariel,58,gender.female,seeker_status.searching
22880,Mary,28,gender.female,seeker_status.searching
76595,Thomas,65,gender.male,seeker_status.searching
93617,Michael,43,gender.male,seeker_status.searching
57343,August,40,gender.male,seeker_status.searching
36567,Wyatt,20,gender.male,seeker_status.searching
77014,Barnaby,22,gender.male,seeker_status.searching
80686,Alexandria,38,gender.female,seeker_status.searching
2872,Erick,28,gender.male,seeker_status.searching
6870,Giselle,36,gender.female,seeker_status.searching
55257,Kaylee,19,gender.female,seeker_status.searching
49674,Savannah,20,gender.female,seeker_status.searching
91298,Anthony,53,gender.male,seeker_status.searching
8423,Evan,50,gender.male,seeker_status.searching
11006,Chloe,61,gender.female,seeker_status.searching
33451,Torin,21,gender.male,seeker_status.searching
52868,Victoria,39,gender.female,seeker_status.searching
21680,Grace,29,gender.female,seeker_status.searching
19833,Cosimo,61,gender.male,seeker_status.searching
70985,Finnian,34,gender.male,seeker_status.searching
73646,Maya,65,gender.female,seeker_status.searching
77399,Dante,62,gender.male,seeker_status.searching
36630,Remington,61,gender.male,seeker_status.searching
97230,Briggs,23,gender.male,seeker_status.searching
93090,Casper,43,gender.male,seeker_status.searching
28508,Cesar,58,gender.male,seeker_status.searching
47852,Tatum,27,gender.female,seeker_status.searching
42102,Lucy,47,gender.female,seeker_status.searching
38606,Daniel,50,gender.male,seeker_status.searching
81368,Adeline,20,gender.female,seeker_status.searching
84911,Josiah,41,gender.male,seeker_status.searching
40082,Claire,51,gender.female,seeker_status.searching
29549,Eliana,30,gender.female,seeker_status.searching
69562,Jorge,40,gender.male,seeker_status.searching
43257,Joshua,54,gender.male,seeker_status.searching
39276,Lucas,59,gender.male,seeker_status.searching
53298,Elise,54,gender.female,seeker_status.searching
75138,Finn,60,gender.male,seeker_status.searching
9395,Hadley,58,gender.female,seeker_status.searching
46241,Persephone,26,gender.female,seeker_status.searching
1448,Blaine,46,gender.male,seeker_status.searching
92680,Ryder,39,gender.male,seeker_status.searching
29816,Ruby,55,gender.female,seeker_status.searching
53788,Ramona,21,gender.female,seeker_status.searching
4925,Cora,54,gender.female,seeker_status.searching
60337,Amadeo,28,gender.male,seeker_status.searching
90714,Ariel,52,gender.female,seeker_status.searching
45886,Jackson,27,gender.male,seeker_status.searching
99333,Nicholas,63,gender.male,seeker_status.searching
36599,Tessa,62,gender.female,seeker_status.searching
92160,Aurelia,61,gender.female,seeker_status.searching
86451,Valeria,63,gender.female,seeker_status.searching
6271,Jace,35,gender.male,seeker_status.searching
26894,Aaron,40,gender.male,seeker_status.searching
18351,Andre,62,gender.male,seeker_status.searching
21628,Joel,54,gender.male,seeker_status.searching
84542,Isaac,41,gender.male,seeker_status.searching
29380,Eliana,40,gender.female,seeker_status.searching
21926,Everly,45,gender.female,seeker_status.searching
35672,Juniper,49,gender.female,seeker_status.searching
39694,Jonathan,21,gender.male,seeker_status.searching
5901,Gavin,24,gender.male,seeker_status.searching
28987,Ethan,32,gender.male,seeker_status.searching
88890,Seraphina,64,gender.female,seeker_status.searching
47225,Oisin,28,gender.male,seeker_status.searching
26870,Torquil,22,gender.male,seeker_status.searching
23209,Addison,27,gender.female,seeker_status.searching
27339,Zoey,47,gender.female,seeker_status.searching
58756,Gabrielle,36,gender.female,seeker_status.searching
53710,Ian,36,gender.male,seeker_status.searching
2356,Preston,42,gender.male,seeker_status.searching
82614,Everly,50,gender.female,seeker_status.searching
43829,Amir,65,gender.male,seeker_status.searching
91736,Freya,19,gender.female,seeker_status.searching
41844,Mason,63,gender.male,seeker_status.searching
27500,Brayden,30,gender.male,seeker_status.searching
11596,Sophia,53,gender.female,seeker_status.searching
82590,Cade,36,gender.male,seeker_status.searching
94996,Grayson,27,gender.male,seeker_status.searching
93125,Eleanor,40,gender.female,seeker_status.searching
26969,Penelope,26,gender.female,seeker_status.searching
11779,Leander,38,gender.male,seeker_status.searching
91273,Maeve,61,gender.female,seeker_status.searching
6255,Aiden,44,gender.male,seeker_status.searching
12534,Persephone,40,gender.female,seeker_status.searching
33294,Willow,43,gender.female,seeker_status.searching
1303,Kevin,18,gender.male,seeker_status.searching
46100,Sophia,29,gender.female,seeker_status.searching
90350,Tatum,58,gender.female,seeker_status.searching
13488,Lily,19,gender.female,seeker_status.searching
66713,Isla,21,gender.female,seeker_status.searching
52842,Jerry,63,gender.male,seeker_status.searching
634,Imogen,24,gender.female,seeker_status.searching
48724,Sadie,31,gender.female,seeker_status.searching
82659,Tatum,58,gender.female,seeker_status.searching
22369,Ellie,44,gender.female,seeker_status.searching
48906,Wren,43,gender.female,seeker_status.searching
63531,Brooklyn,58,gender.female,seeker_status.searching
40266,Liliana,65,gender.female,seeker_status.searching
46764,Zoe,48,gender.female,seeker_status.searching
86991,Brielle,50,gender.female,seeker_status.searching
32031,Jude,18,gender.male,seeker_status.searching
26441,Clementine,49,gender.female,seeker_status.searching
89638,Phoebe,54,gender.female,seeker_status.searching
4699,Ira,49,gender.male,seeker_status.searching
53672,Cillian,20,gender.male,seeker_status.searching
33949,Skylar,19,gender.female,seeker_status.searching
30769,Stella,49,gender.female,seeker_status.searching
39112,Theodore,55,gender.male,seeker_status.searching
47288,Xavier,54,gender.male,seeker_status.searching
52445,Josiah,41,gender.male,seeker_status.searching
69515,Mary,48,gender.female,seeker_status.searching
56060,Charles,28,gender.male,seeker_status.searching
18924,Kayden,42,gender.male,seeker_status.searching
52240,Lucy,41,gender.female,seeker_status.searching
700,Autumn,59,gender.female,seeker_status.searching
20528,Valeria,38,gender.female,seeker_status.searching
49154,Kieran,22,gender.male,seeker_status.searching
34695,Cameron,26,gender.male,seeker_status.searching
39015,Jonathan,27,gender.male,seeker_status.searching
96428,Isabella,57,gender.female,seeker_status.searching
46534,Eliana,45,gender.female,seeker_status.searching
45498,Jalen,45,gender.male,seeker_status.searching
19600,Leah,60,gender.female,seeker_status.searching
73100,Ethan,25,gender.male,seeker_status.searching
94867,Nora,41,gender.female,seeker_status.searching
58005,Ignatius,50,gender.male,seeker_status.searching
45472,Rose,23,gender.female,seeker_status.searching
97156,Osiris,42,gender.male,seeker_status.searching
29166,Maddox,55,gender.male,seeker_status.searching
62697,Thea,41,gender.female,seeker_status.searching
97550,Orion,33,gender.male,seeker_status.searching
99418,Jalen,28,gender.male,seeker_status.searching
90060,Ophelia,48,gender.female,seeker_status.searching
25477,Jorge,37,gender.male,seeker_status.searching
53823,Nathaniel,53,gender.male,seeker_status.searching
87810,Easton,56,gender.male,seeker_status.searching
38480,Lawrence,62,gender.male,seeker_status.searching
5468,Victoria,54,gender.female,seeker_status.searching
93920,James,43,gender.male,seeker_status.searching
96234,Miles,23,gender.male,seeker_status.searching
32834,Levi,33,gender.male,seeker_status.searching
59628,Anna,51,gender.female,seeker_status.searching
23487,Leonardo,53,gender.male,seeker_status.searching
48904,Dorian,45,gender.male,seeker_status.searching
88817,Clementine,35,gender.female,seeker_status.searching
68771,Isaac,53,gender.male,seeker_status.searching
99276,Hudson,50,gender.male,seeker_status.searching
75966,Alec,63,gender.male,seeker_status.searching
41519,Calliope,42,gender.female,seeker_status.searching
89415,Evander,28,gender.male,seeker_status.searching
40931,George,63,gender.male,seeker_status.searching
12706,Emmanuel,46,gender.male,seeker_status.searching
99280,Casimir,62,gender.male,seeker_status.searching
1879,Gavin,64,gender.male,seeker_status.searching
8065,Axel,26,gender.male,seeker_status.searching
73820,Lyra,40,gender.female,seeker_status.searching
54897,Lawrence,27,gender.male,seeker_status.searching
75211,Wesley,39,gender.male,seeker_status.searching
51446,Xavier,63,gender.male,seeker_status.searching
50105,Julia,45,gender.female,seeker_status.searching
11879,Kaden,24,gender.male,seeker_status.searching
17691,Elias,24,gender.male,seeker_status.searching
3781,Lillian,50,gender.female,seeker_status.searching
10964,Savannah,54,gender.female,seeker_status.searching
65387,Natalie,60,gender.female,seeker_status.searching
75955,James,46,gender.male,seeker_status.searching
62953,Aurora,31,gender.female,seeker_status.searching
82493,Kaylee,19,gender.female,seeker_status.searching
63533,Caroline,40,gender.female,seeker_status.searching
57665,Remy,31,gender.male,seeker_status.searching
47032,Maxwell,31,gender.male,seeker_status.searching
44438,Chloe,37,gender.female,seeker_status.searching
87075,Cora,52,gender.female,seeker_status.searching
12482,Eamon,32,gender.male,seeker_status.searching
97499,Kayden,36,gender.male,seeker_status.searching
48510,Laura,54,gender.female,seeker_status.searching
70974,Eli,60,gender.male,seeker_status.searching
97382,Apollo,55,gender.male,seeker_status.searching
96794,Katherine,22,gender.female,seeker_status.searching
31929,Benjamin,28,gender.male,seeker_status.searching
470,Rainier,20,gender.male,seeker_status.searching
70191,Peter,23,gender.male,seeker_status.searching
90028,Wesley,26,gender.male,seeker_status.searching
42197,Bradley,62,gender.male,seeker_status.searching
93611,Genesis,33,gender.female,seeker_status.searching
68423,Charlotte,29,gender.female,seeker_status.searching
78056,Kevin,44,gender.male,seeker_status.searching
15097,Jordan,64,gender.male,seeker_status.searching
4575,Julia,43,gender.female,seeker_status.searching
65543,Rhys,62,gender.male,seeker_status.searching
28913,Elise,30,gender.female,seeker_status.searching
83234,Chase,62,gender.male,seeker_status.searching
38364,Maddox,39,gender.male,seeker_status.searching
12439,Brooks,19,gender.male,seeker_status.searching
77,Cooper,60,gender.male,seeker_status.searching
67830,Ramona,43,gender.female,seeker_status.searching
48435,Victoria,55,gender.female,seeker_status.searching
39838,Isabella,56,gender.female,seeker_status.searching
27168,Blaine,43,gender.male,seeker_status.searching
28522,Taylor,29,gender.female,seeker_status.searching
83034,Hailey,54,gender.female,seeker_status.searching
89649,Ezekiel,42,gender.male,seeker_status.searching
91963,Joseph,63,gender.male,seeker_status.searching
33279,Sadie,60,gender.female,seeker_status.searching
87305,Eliana,42,gender.female,seeker_status.searching
52161,Rafael,51,gender.male,seeker_status.searching
10728,Josiah,47,gender.male,seeker_status.searching
25882,Ruby,58,gender.female,seeker_status.searching
30440,Gabriel,49,gender.male,seeker_status.searching
96540,Ellie,52,gender.female,seeker_status.searching
34048,Grace,43,gender.female,seeker_status.searching
52303,Peter,31,gender.male,seeker_status.searching
13536,Camila,21,gender.female,seeker_status.searching
35546,Kaden,43,gender.male,seeker_status.searching
60645,Eleanor,64,gender.female,seeker_status.searching
81385,Cody,53,gender.male,seeker_status.searching
33873,Lila,64,gender.female,seeker_status.searching
33252,Zander,21,gender.male,seeker_status.searching
50137,Genevieve,59,gender.female,seeker_status.searching
52040,Rose,35,gender.female,seeker_status.searching
14892,Cameron,26,gender.male,seeker_status.searching
68623,Jonathan,63,gender.male,seeker_status.searching
56720,Ramona,58,gender.female,seeker_status.searching
12245,Percival,49,gender.male,seeker_status.searching
23051,Jack,24,gender.male,seeker_status.searching
60192,Oliver,48,gender.male,seeker_status.searching
15067,Lyra,38,gender.female,seeker_status.searching
8026,Kevin,25,gender.male,seeker_status.searching
41951,Gage,35,gender.male,seeker_status.searching
43897,Jasmine,51,gender.female,seeker_status.searching
25444,Noah,41,gender.male,seeker_status.searching
35857,Serenity,35,gender.female,seeker_status.searching
11475,Ruben,48,gender.male,seeker_status.searching
35723,Bella,38,gender.female,seeker_status.searching
62724,Paige,29,gender.female,seeker_status.searching
44588,Gavin,59,gender.male,seeker_status.searching
1412,Daphne,47,gender.female,seeker_status.searching
77775,Augustus,40,gender.male,seeker_status.searching
59126,Kinsley,22,gender.female,seeker_status.searching
56337,Taylor,26,gender.female,seeker_status.searching
79076,Lily,24,gender.female,seeker_status.searching
28705,Rose,56,gender.female,seeker_status.searching
41449,Madelyn,19,gender.female,seeker_status.searching
3601,Tyson,19,gender.male,seeker_status.searching
94415,Jasper,36,gender.male,seeker_status.searching
66391,Eli,59,gender.male,seeker_status.searching
70407,Roman,51,gender.male,seeker_status.searching
30233,Jace,38,gender.male,seeker_status.searching
56446,Logan,41,gender.male,seeker_status.searching
65839,Amelia,33,gender.female,seeker_status.searching
54556,Oliver,55,gender.male,seeker_status.searching
74266,Brock,50,gender.male,seeker_status.searching
72480,Ella,28,gender.female,seeker_status.searching
27827,Vivian,43,gender.female,seeker_status.searching
99651,Dahlia,53,gender.female,seeker_status.searching
52832,Cassius,48,gender.male,seeker_status.searching
68470,Jeremy,21,gender.male,seeker_status.searching
34213,Lazarus,57,gender.male,seeker_status.searching
76396,Luke,49,gender.male,seeker_status.searching
74205,Rafael,48,gender.male,seeker_status.searching
87241,Lucy,24,gender.female,seeker_status.searching
94581,Natalie,61,gender.female,seeker_status.searching
46580,Emily,61,gender.female,seeker_status.searching
42050,Liam,23,gender.male,seeker_status.searching
97992,Vincent,49,gender.male,seeker_status.searching
59757,Lucas,46,gender.male,seeker_status.searching
52752,Sullivan,33,gender.male,seeker_status.searching
70023,King,29,gender.male,seeker_status.searching
19062,Nathan,20,gender.male,seeker_status.searching
40427,Skylar,31,gender.female,seeker_status.searching
2010,Seraphina,24,gender.female,seeker_status.searching
80459,Tatum,34,gender.female,seeker_status.searching
60283,Wren,38,gender.female,seeker_status.searching
43772,Ezra,58,gender.male,seeker_status.searching
49898,Sarah,43,gender.female,seeker_status.searching
81415,Clementine,61,gender.female,seeker_status.searching
14630,Laura,27,gender.female,seeker_status.searching
85436,Ariel,62,gender.female,seeker_status.searching
9644,Thea,49,gender.female,seeker_status.searching
60621,Cassian,61,gender.male,seeker_status.searching
4683,Hailey,62,gender.female,seeker_status.searching
13274,Tristan,46,gender.male,seeker_status.searching
30472,Genevieve,49,gender.female,seeker_status.searching
94118,Leo,35,gender.male,seeker_status.searching
21244,Arabella,36,gender.female,seeker_status.searching
46949,Genevieve,40,gender.female,seeker_status.searching
8127,Luciano,45,gender.male,seeker_status.searching
51883,Maeve,58,gender.female,seeker_status.searching
58852,Eleanor,56,gender.female,seeker_status.searching
61228,Brooks,57,gender.male,seeker_status.searching
15987,Lucy,18,gender.female,seeker_status.searching
2977,Lydia,44,gender.female,seeker_status.searching
21963,Alistair,21,gender.male,seeker_status.searching
2425,Gabrielle,43,gender.female,seeker_status.searching
17371,Amelia,24,gender.female,seeker_status.searching
22978,Leon,28,gender.male,seeker_status.searching
92155,Osiris,18,gender.male,seeker_status.searching
68854,Tyler,40,gender.male,seeker_status.searching
17543,Hailey,47,gender.female,seeker_status.searching
58909,Jonah,26,gender.male,seeker_status.searching
71702,Adalynn,49,gender.female,seeker_status.searching
39097,Penelope,56,gender.female,seeker_status.searching
2561,Mabel,32,gender.female,seeker_status.searching
97736,Finley,48,gender.male,seeker_status.searching
83266,Fiona,35,gender.female,seeker_status.searching
82871,Mabel,55,gender.female,seeker_status.searching
62219,Matilda,53,gender.female,seeker_status.searching
88501,Natalie,25,gender.female,seeker_status.searching
9136,Lachlan,28,gender.male,seeker_status.searching
88518,Alice,27,gender.female,seeker_status.searching
99811,Bella,60,gender.female,seeker_status.searching
4012,Harper,49,gender.female,seeker_status.searching
65358,Vanessa,52,gender.female,seeker_status.searching
24410,Kate,35,gender.female,seeker_status.searching
39914,Jeremiah,59,gender.male,seeker_status.searching
28339,Logan,20,gender.male,seeker_status.searching
21108,Archibald,54,gender.male,seeker_status.searching
66747,Paisley,63,gender.female,seeker_status.searching
30488,Calliope,63,gender.female,seeker_status.searching
18738,Cade,30,gender.male,seeker_status.searching
76082,Chloe,42,gender.female,seeker_status.searching
43291,Dominic,53,gender.male,seeker_status.searching
9603,Magnus,21,gender.male,seeker_status.searching
63863,George,41,gender.male,seeker_status.searching
36602,Ruby,47,gender.female,seeker_status.searching
63876,Vanessa,19,gender.female,seeker_status.searching
59587,Leander,55,gender.male,seeker_status.searching
87505,Eleanor,41,gender.female,seeker_status.searching
15603,Brooke,37,gender.female,seeker_status.searching
4019,Rhys,26,gender.male,seeker_status.searching
80784,Adalynn,40,gender.female,seeker_status.searching
19441,Florian,33,gender.male,seeker_status.searching
76272,Esme,25,gender.female,seeker_status.searching
43913,Vance,24,gender.male,seeker_status.searching
84174,Naomi,54,gender.female,seeker_status.searching
59425,Avery,64,gender.female,seeker_status.searching
14688,Cosimo,48,gender.male,seeker_status.searching
74437,Ellie,51,gender.female,seeker_status.searching
98251,Endymion,54,gender.male,seeker_status.searching
13485,Amy,50,gender.female,seeker_status.searching
18419,Cameron,45,gender.male,seeker_status.searching
48019,Hazel,30,gender.female,seeker_status.searching
92332,Nicholas,44,gender.male,seeker_status.searching
65631,Caius,34,gender.male,seeker_status.searching
76298,Casimir,57,gender.male,seeker_status.searching
8725,Harper,26,gender.female,seeker_status.searching
29167,Brock,60,gender.male,seeker_status.searching
22272,Ella,36,gender.female,seeker_status.searching
32564,Adalynn,18,gender.female,seeker_status.searching
67734,Finnegan,36,gender.male,seeker_status.searching
75497,Freya,56,gender.female,seeker_status.searching
22136,Victoria,44,gender.female,seeker_status.searching
73717,Brenden,53,gender.male,seeker_status.searching
81289,Ryder,38,gender.male,seeker_status.searching
60003,Seraphina,33,gender.female,seeker_status.searching
78507,Jason,52,gender.male,seeker_status.searching
62424,Stella,35,gender.female,seeker_status.searching
19202,Florian,33,gender.male,seeker_status.searching
84418,Emily,31,gender.female,seeker_status.searching
611,Calvin,29,gender.male,seeker_status.searching
71228,Erick,44,gender.male,seeker_status.searching
53838,Galileo,54,gender.male,seeker_status.searching
76443,Clementine,34,gender.female,seeker_status.searching
61314,Ella,51,gender.female,seeker_status.searching
67945,Colton,21,gender.male,seeker_status.searching
59366,Calliope,49,gender.female,seeker_status.searching
32,August,41,gender.male,seeker_status.searching
43711,Aria,54,gender.female,seeker_status.searching
38308,Finn,59,gender.male,seeker_status.searching
98652,Jasmine,63,gender.female,seeker_status.searching
58050,Angel,50,gender.male,seeker_status.searching
86395,Serenity,59,gender.female,seeker_status.searching
23582,Mary,33,gender.female,seeker_status.searching
38468,Ellie,65,gender.female,seeker_status.searching
52189,Dallas,42,gender.male,seeker_status.searching
51071,Stellan,19,gender.male,seeker_status.searching
39412,Galileo,31,gender.male,seeker_status.searching
65405,Brielle,47,gender.female,seeker_status.searching
6600,Kyle,20,gender.male,seeker_status.searching
71870,Eliana,53,gender.female,seeker_status.searching
75923,Ava,37,gender.female,seeker_status.searching
20667,Lauren,30,gender.female,seeker_status.searching
63140,Imogen,53,gender.female,seeker_status.searching
38634,Ariel,57,gender.female,seeker_status.searching
91834,Elias,32,gender.male,seeker_status.searching
82958,Tyson,35,gender.male,seeker_status.searching
26384,Eleanor,33,gender.female,seeker_status.searching
15240,Elliot,33,gender.male,seeker_status.searching
75547,Sadie,39,gender.female,seeker_status.searching
94471,Kevin,21,gender.male,seeker_status.searching
50849,Violet,56,gender.female,seeker_status.searching
10494,Brock,33,gender.male,seeker_status.searching
20400,Terry,50,gender.male,seeker_status.searching
91616,Jordan,38,gender.male,seeker_status.searching
64904,Zoey,30,gender.female,seeker_status.searching
60000,Brooklyn,52,gender.female,seeker_status.searching
99070,Victoria,37,gender.female,seeker_status.searching
17320,Tyler,19,gender.male,seeker_status.searching
71961,Bentley,19,gender.male,seeker_status.searching
9280,Ansel,32,gender.male,seeker_status.searching
63038,Ignatius,29,gender.male,seeker_status.searching
1091,Logan,33,gender.male,seeker_status.searching
4860,Phineas,64,gender.male,seeker_status.searching
4843,Elara,52,gender.female,seeker_status.searching
27285,Tristan,24,gender.male,seeker_status.searching
37972,Lorenzo,56,gender.male,seeker_status.searching
42135,Lorenzo,32,gender.male,seeker_status.searching
54113,Isaac,35,gender.male,seeker_status.searching
99041,Jennifer,31,gender.female,seeker_status.searching
64237,Cassius,39,gender.male,seeker_status.searching
63273,Ariel,52,gender.female,seeker_status.searching
89612,Tarquin,53,gender.male,seeker_status.searching
38498,Layla,65,gender.female,seeker_status.searching
51255,Peter,50,gender.male,seeker_status.searching
52512,Savannah,39,gender.female,seeker_status.searching
41368,Lauren,24,gender.female,seeker_status.searching
94149,Lucas,25,gender.male,seeker_status.searching
79247,Wesley,65,gender.male,seeker_status.searching
55401,Vanessa,41,gender.female,seeker_status.searching
10773,Apollo,35,gender.male,seeker_status.searching
74872,Reagan,34,gender.female,seeker_status.searching
47194,Ashton,22,gender.male,seeker_status.searching
49003,Lily,31,gender.female,seeker_status.searching
96133,Layla,27,gender.female,seeker_status.searching
38887,Ivan,46,gender.male,seeker_status.searching
85172,Celeste,33,gender.female,seeker_status.searching
38863,Genesis,26,gender.female,seeker_status.searching
25974,Mabel,45,gender.female,seeker_status.searching
86985,Brooklyn,30,gender.female,seeker_status.searching
82595,Zachary,61,gender.male,seeker_status.searching
27968,Seraphina,55,gender.female,seeker_status.searching
91491,Aaliyah,49,gender.female,seeker_status.searching
20415,King,40,gender.male,seeker_status.searching
33287,Nova,48,gender.female,seeker_status.searching
11843,Aria,57,gender.female,seeker_status.searching
83432,Kian,27,gender.male,seeker_status.searching
33815,Lorenzo,41,gender.male,seeker_status.searching
27265,Cade,20,gender.male,seeker_status.searching
40530,Lily,27,gender.female,seeker_status.searching
150,Julia,50,gender.female,seeker_status.searching
86906,Clara,45,gender.female,seeker_status.searching
45479,Keegan,37,gender.male,seeker_status.searching
24633,Graham,21,gender.male,seeker_status.searching
6742,Cyprian,45,gender.male,seeker_status.searching
68698,Sophia,28,gender.female,seeker_status.searching
83173,Aurora,19,gender.female,seeker_status.searching
88468,Ellie,19,gender.female,seeker_status.searching
99040,Grace,59,gender.female,seeker_status.searching
31583,Claire,18,gender.female,seeker_status.searching
69413,Colton,36,gender.male,seeker_status.searching
36971,Jennifer,46,gender.female,seeker_status.searching
29612,Casper,46,gender.male,seeker_status.searching
50429,Jeremy,27,gender.male,seeker_status.searching
86071,Jude,58,gender.male,seeker_status.searching
2605,Finley,46,gender.male,seeker_status.searching
17255,Paisley,36,gender.female,seeker_status.searching
48445,Calliope,44,gender.female,seeker_status.searching
7311,Magnolia,60,gender.female,seeker_status.searching
83428,Ryan,18,gender.male,seeker_status.searching
16685,Vivian,51,gender.female,seeker_status.searching
24081,Tyler,48,gender.male,seeker_status.searching
82769,Anderson,51,gender.male,seeker_status.searching
57223,Clara,62,gender.female,seeker_status.searching
17015,Casimir,54,gender.male,seeker_status.searching
93790,Blake,65,gender.male,seeker_status.searching
64342,Ronnie,22,gender.male,seeker_status.searching
51386,Claire,19,gender.female,seeker_status.searching
83002,Christian,18,gender.male,seeker_status.searching
41364,Sophie,43,gender.female,seeker_status.searching
75395,Cordelia,36,gender.female,seeker_status.searching
83093,Langston,55,gender.male,seeker_status.searching
72801,Remy,39,gender.male,seeker_status.searching
53343,Ruby,32,gender.female,seeker_status.searching
50496,Violet,60,gender.female,seeker_status.searching
10231,Ava,21,gender.female,seeker_status.searching
13899,Thayer,62,gender.male,seeker_status.searching
12467,Abel,37,gender.male,seeker_status.searching
91933,Brielle,35,gender.female,seeker_status.searching
27485,Zayden,40,gender.male,seeker_status.searching
77345,Hannah,31,gender.female,seeker_status.searching
12005,Tarquin,29,gender.male,seeker_status.searching
72940,Aiden,51,gender.male,seeker_status.searching
26856,Danielle,63,gender.female,seeker_status.searching
68837,Julian,55,gender.male,seeker_status.searching
68746,Bradley,57,gender.male,seeker_status.searching
81105,Silas,19,gender.male,seeker_status.searching
79814,Thaddeus,18,gender.male,seeker_status.searching
81981,Savannah,26,gender.female,seeker_status.searching
71092,Barnaby,26,gender.male,seeker_status.searching
49147,Laura,52,gender.female,seeker_status.searching
90915,Angel,59,gender.male,seeker_status.searching
71590,Evan,32,gender.male,seeker_status.searching
55135,Elena,47,gender.female,seeker_status.searching
49224,Cassius,32,gender.male,seeker_status.searching
10549,Gabrielle,48,gender.female,seeker_status.searching
59204,Dante,62,gender.male,seeker_status.searching
30671,Genevieve,40,gender.female,seeker_status.searching
48693,Aiden,33,gender.male,seeker_status.searching
8761,Emma,25,gender.female,seeker_status.searching
36528,Mabel,48,gender.female,seeker_status.searching
49233,Joseph,34,gender.male,seeker_status.searching
37444,Amadeo,35,gender.male,seeker_status.searching
74782,Lydia,42,gender.female,seeker_status.searching
92274,Emrys,48,gender.male,seeker_status.searching
99206,Ruby,56,gender.female,seeker_status.searching
2871,Charlotte,44,gender.female,seeker_status.searching
61630,Alec,52,gender.male,seeker_status.searching
41174,Evander,47,gender.male,seeker_status.searching
76177,Jordan,64,gender.male,seeker_status.searching
86978,Grace,58,gender.female,seeker_status.searching
1017,Emmett,21,gender.male,seeker_status.searching
37979,Emrys,36,gender.male,seeker_status.searching
87154,Freya,36,gender.female,seeker_status.searching
10875,Henry,56,gender.male,seeker_status.searching
21129,Gulliver,57,gender.male,seeker_status.searching
20111,Alexandria,23,gender.female,seeker_status.searching
99092,Nathan,29,gender.male,seeker_status.searching
27491,Juniper,31,gender.female,seeker_status.searching
88992,Barnaby,57,gender.male,seeker_status.searching
54292,Elara,50,gender.female,seeker_status.searching
85279,Seraphina,43,gender.female,seeker_status.searching
3532,Kinsley,35,gender.female,seeker_status.searching
90388,Brooklyn,46,gender.female,seeker_status.searching
48028,Giselle,49,gender.female,seeker_status.searching
69812,Kaden,34,gender.male,seeker_status.searching
19302,Maeve,46,gender.female,seeker_status.searching
14956,Dashiell,19,gender.male,seeker_status.searching
99598,Mary,28,gender.female,seeker_status.searching
81564,Gabrielle,54,gender.female,seeker_status.searching
99552,Amir,35,gender.male,seeker_status.searching
1647,Chloe,60,gender.female,seeker_status.searching
72821,Ellery,65,gender.male,seeker_status.searching
88951,Kate,51,gender.female,seeker_status.searching
62815,Matthew,23,gender.male,seeker_status.searching
58208,Langston,53,gender.male,seeker_status.searching
32883,Autumn,29,gender.female,seeker_status.searching
30970,Kieran,52,gender.male,seeker_status.searching
68485,Noah,48,gender.male,seeker_status.searching
91326,Georgia,55,gender.female,seeker_status.searching
33358,Evan,48,gender.male,seeker_status.searching
18398,Sophia,22,gender.female,seeker_status.searching
15684,Leon,27,gender.male,seeker_status.searching
27769,Persephone,38,gender.female,seeker_status.searching
55934,Madeline,45,gender.female,seeker_status.searching
51149,Vincent,45,gender.male,seeker_status.searching
53619,Torsten,18,gender.male,seeker_status.searching
67028,Autumn,54,gender.female,seeker_status.searching
10976,Eamon,58,gender.male,seeker_status.searching
54581,Amelia,55,gender.female,seeker_status.searching
19336,Leander,35,gender.male,seeker_status.searching
86104,Ryder,59,gender.male,seeker_status.searching
62739,Jack,38,gender.male,seeker_status.searching
48336,Asher,40,gender.male,seeker_status.searching
13746,Phoebe,37,gender.female,seeker_status.searching
22585,Henry,32,gender.male,seeker_status.searching
59068,Audrey,52,gender.female,seeker_status.searching
2761,Finnegan,48,gender.male,seeker_status.searching
42442,Titus,45,gender.male,seeker_status.searching
40043,Zephyr,65,gender.male,seeker_status.searching
90828,Danielle,33,gender.female,seeker_status.searching
8391,Harrison,48,gender.male,seeker_status.searching
97020,Matteo,20,gender.male,seeker_status.searching
53836,August,42,gender.male,seeker_status.searching
87783,Marcus,62,gender.male,seeker_status.searching
29640,Penelope,39,gender.female,seeker_status.searching
77639,Dorian,28,gender.male,seeker_status.searching
46951,Juniper,39,gender.female,seeker_status.searching
26714,Ian,29,gender.male,seeker_status.searching
18842,William,50,gender.male,seeker_status.searching
78091,Dante,63,gender.male,seeker_status.searching
68660,Violet,48,gender.female,seeker_status.searching
10690,Octavius,54,gender.male,seeker_status.searching
11888,Audrey,58,gender.female,seeker_status.searching
64021,Oliver,34,gender.male,seeker_status.searching
16607,Aaron,24,gender.male,seeker_status.searching
96138,Hazel,28,gender.female,seeker_status.searching
45717,Alice,62,gender.female,seeker_status.searching
19796,Lucy,24,gender.female,seeker_status.searching
59161,Beatrice,18,gender.female,seeker_status.searching
71179,Zephyr,47,gender.male,seeker_status.searching
31045,Zachary,57,gender.male,seeker_status.searching
85188,Kayden,28,gender.male,seeker_status.searching
74602,Jayden,51,gender.male,seeker_status.searching
98731,Levi,29,gender.male,seeker_status.searching
46121,Phoebe,24,gender.female,seeker_status.searching
56907,Robert,30,gender.male,seeker_status.searching
98930,Riley,43,gender.female,seeker_status.searching
80145,Reagan,64,gender.female,seeker_status.searching
37119,Briggs,54,gender.male,seeker_status.searching
60366,Isabella,59,gender.female,seeker_status.searching
65505,Freya,59,gender.female,seeker_status.searching
73035,Sadie,48,gender.female,seeker_status.searching
35768,Hudson,51,gender.male,seeker_status.searching
46912,Camila,49,gender.female,seeker_status.searching
39756,Ellie,18,gender.female,seeker_status.searching
